{
  "songs": [
    {
      "title": "Mary Had A Little Lamb",
      "notes": [
        "E D C D E E E",
        "D D D",
        "E G G",
        "E D C D E E E",
        "D D E D C"
      ]
    },
    {
      "title": "Twinkle Twinkle Little Star",
      "notes": [
        "C C G G A A G",
        "F F E E D D C",
        "G G F F E E D",
        "G G F F E E D",
        "C C G G A A G",
        "F F E E D D C"
      ]
    },
    {
      "title": "Jingle Bells",
      "notes": [
      "E E E E E E",
      "E G C D E",
      "F F F F F E E",
      "E E E D D E D",
      "G",
      "E E E E E E",
      "E G C D E",
      "F F F F F E E",
      "E E G G F D C"
      ]
    }
  ]
}